time,median_length,median_delay,median_speed_kmh,median_level
2022-07-06 00:00:00,1132.0,117.0,20.18,2.0
2022-07-06 01:00:00,,,,
2022-07-06 02:00:00,,,,
2022-07-06 03:00:00,,,,
2022-07-06 04:00:00,1466.0,84.0,25.78,1.0
2022-07-06 05:00:00,242.0,146.0,5.23,4.0
2022-07-06 06:00:00,977.0,135.625,15.945,2.0
2022-07-06 07:00:00,860.5,148.25,15.665,2.0
2022-07-06 08:00:00,952.5,117.5,15.01,2.0
2022-07-06 09:00:00,1080.0,99.5,20.35,2.0
2022-07-06 10:00:00,488.0,85.625,13.690000000000001,2.0
2022-07-06 11:00:00,925.0,86.0,22.67,2.0
2022-07-06 12:00:00,1512.0,83.66666666666667,23.99,2.0
2022-07-06 13:00:00,802.0,83.875,17.7549995,2.0
2022-07-06 14:00:00,1612.0,83.0,25.35,2.0
2022-07-06 15:00:00,987.0,110.375,16.035,2.0
2022-07-06 16:00:00,956.75,141.25,17.185,2.0
2022-07-06 17:00:00,944.5,139.25,15.18,2.0
2022-07-06 18:00:00,1506.0,104.0,21.93,2.0
2022-07-06 19:00:00,1043.0,129.5,14.79,2.0
2022-07-06 20:00:00,864.0,130.0,17.015,2.0
2022-07-06 21:00:00,1136.0,89.66666666666667,22.45,2.0
2022-07-06 22:00:00,1489.0,80.5,26.335,2.0
2022-07-06 23:00:00,844.0,63.333333333333336,21.87,2.0
2022-07-07 00:00:00,,,,
2022-07-07 01:00:00,,,,
2022-07-07 02:00:00,,,,
2022-07-07 03:00:00,1609.5,63.75,30.04,2.0
2022-07-07 04:00:00,2621.0,108.75,30.0700005,2.0
2022-07-07 05:00:00,1877.5,107.0,26.2275,2.0
2022-07-07 06:00:00,1376.0,91.33333333333333,23.27,2.0
2022-07-07 07:00:00,1016.5,139.5,16.045,2.0
2022-07-07 08:00:00,828.25,80.5,18.0525005,2.0
2022-07-07 09:00:00,903.5,111.25,17.175,2.0
2022-07-07 10:00:00,792.5,116.25,14.959999999999999,2.0
2022-07-07 11:00:00,795.0,73.66666666666667,21.21,2.0
2022-07-07 12:00:00,1226.5,86.0,24.27,2.0
2022-07-07 13:00:00,1080.0,90.16666666666667,21.25,2.0
2022-07-07 14:00:00,865.0,95.875,19.814999999999998,2.0
2022-07-07 15:00:00,599.0,90.375,13.92,2.0
2022-07-07 16:00:00,973.5,113.625,15.075,2.0
2022-07-07 17:00:00,1091.5,142.625,16.48,2.0
2022-07-07 18:00:00,1080.5,156.125,16.465,2.0
2022-07-07 19:00:00,1592.0,285.25,17.59,2.0
2022-07-07 20:00:00,1710.5,213.0,17.7425,2.0
2022-07-07 21:00:00,1136.0,90.0,19.09,2.0
2022-07-07 22:00:00,1153.0,103.0,19.314999999999998,2.0
2022-07-07 23:00:00,1809.5,97.5,24.4875,2.0
2022-07-08 00:00:00,1602.0,68.0,29.7,1.0
2022-07-08 01:00:00,,,,
2022-07-08 02:00:00,,,,
2022-07-08 03:00:00,,,,
2022-07-08 04:00:00,199.0,118.5,5.3599997,4.0
2022-07-08 05:00:00,1447.0,145.5,19.09,2.0
2022-07-08 06:00:00,1063.0,103.16666666666667,22.78,2.0
2022-07-08 07:00:00,973.75,100.875,16.3625,2.0
2022-07-08 08:00:00,1499.0,109.0,21.58,2.0
2022-07-08 09:00:00,1218.0,116.5,24.35,2.0
2022-07-08 10:00:00,1006.0,93.5,21.91,2.0
2022-07-08 11:00:00,1063.0,91.33333333333333,23.55,2.0
2022-07-08 12:00:00,555.0,76.33333333333333,12.785,2.0
2022-07-08 13:00:00,940.0,107.0,15.814999499999999,2.0
2022-07-08 14:00:00,820.0,120.5,17.5,2.0
2022-07-08 15:00:00,953.25,133.5,17.9424995,2.0
2022-07-08 16:00:00,844.5,105.75,16.81,2.0
2022-07-08 17:00:00,1347.0,179.0,14.96,2.0
2022-07-08 18:00:00,1108.5,189.625,13.59,2.0
2022-07-08 19:00:00,914.0,180.0,16.8,2.0
2022-07-08 20:00:00,843.5,156.375,16.755000000000003,2.0
2022-07-08 21:00:00,929.5,124.0,17.62,2.0
2022-07-08 22:00:00,1104.0,96.66666666666667,20.735,2.0
2022-07-08 23:00:00,1524.0,87.5,26.122498999999998,2.0
2022-07-09 00:00:00,,,,
2022-07-09 01:00:00,,,,
2022-07-09 02:00:00,,,,
2022-07-09 03:00:00,,,,
2022-07-09 04:00:00,,,,
2022-07-09 05:00:00,,,,
2022-07-09 06:00:00,,,,
2022-07-09 07:00:00,1034.5,99.25,18.1425,2.0
2022-07-09 08:00:00,1916.0,98.83333333333333,28.66,2.0
2022-07-09 09:00:00,1042.0,83.0,22.78,2.0
2022-07-09 10:00:00,859.0,69.33333333333333,23.83,2.0
2022-07-09 11:00:00,1080.0,73.16666666666667,23.46,2.0
2022-07-09 12:00:00,846.5,99.25,18.1175,2.0
2022-07-09 13:00:00,836.0,111.375,17.4,2.0
2022-07-09 14:00:00,939.0,82.25,17.5225,2.0
2022-07-09 15:00:00,534.0,99.75,12.844999999999999,2.0
2022-07-09 16:00:00,797.0,104.875,18.2,2.0
2022-07-09 17:00:00,977.0,109.375,18.3025,2.0
2022-07-09 18:00:00,815.5,111.5,17.1424995,2.0
2022-07-09 19:00:00,1002.0,119.0,20.365000000000002,2.0
2022-07-09 20:00:00,942.5,93.75,18.677500000000002,2.0
2022-07-09 21:00:00,1142.5,142.125,17.022499500000002,2.0
2022-07-09 22:00:00,1489.0,152.125,20.322499999999998,2.0
2022-07-09 23:00:00,874.5,111.125,16.6550005,2.0
2022-07-10 00:00:00,706.0,67.5,20.78,2.0
2022-07-10 01:00:00,,,,
2022-07-10 02:00:00,,,,
2022-07-10 03:00:00,1133.0,77.0,23.4,2.0
2022-07-10 04:00:00,,,,
2022-07-10 05:00:00,,,,
2022-07-10 06:00:00,,,,
2022-07-10 07:00:00,586.0,74.5,16.990002,2.0
2022-07-10 08:00:00,,,,
2022-07-10 09:00:00,364.0,77.16666666666667,7.42,3.0
2022-07-10 10:00:00,752.0,76.0,19.529999,2.0
2022-07-10 11:00:00,1106.0,66.5,25.0775,2.0
2022-07-10 12:00:00,1266.0,72.0,27.08,1.0
2022-07-10 13:00:00,1794.0,83.0,29.505001,2.0
2022-07-10 14:00:00,958.0,96.75,18.975,2.0
2022-07-10 15:00:00,316.0,90.0,7.15,4.0
2022-07-10 16:00:00,767.0,90.0,14.83,2.0
2022-07-10 17:00:00,877.5,109.875,16.2975,2.0
2022-07-10 18:00:00,1106.0,92.0,22.55,2.0
2022-07-10 19:00:00,896.0,116.125,15.585,2.0
2022-07-10 20:00:00,1165.0,93.0,22.78,2.0
2022-07-10 21:00:00,946.25,97.125,17.3775,2.0
2022-07-10 22:00:00,752.0,76.66666666666667,21.86,2.0
2022-07-10 23:00:00,1636.0,160.33333333333334,22.315,2.0
2022-07-11 00:00:00,,,,
2022-07-11 01:00:00,,,,
2022-07-11 02:00:00,,,,
2022-07-11 03:00:00,,,,
2022-07-11 04:00:00,,,,
2022-07-11 05:00:00,612.0,136.125,13.3675,2.0
2022-07-11 06:00:00,1045.0,219.75,16.509999999999998,2.0
2022-07-11 07:00:00,1076.0,145.75,16.005000000000003,2.0
2022-07-11 08:00:00,823.5,89.5,17.36,2.0
2022-07-11 09:00:00,609.0,84.33333333333333,16.75,2.0
2022-07-11 10:00:00,1420.75,90.5,24.765,2.0
2022-07-11 11:00:00,1309.0,85.66666666666667,22.59,2.0
2022-07-11 12:00:00,1316.0,94.5,22.73,2.0
2022-07-11 13:00:00,1012.0,81.0,21.32,2.0
2022-07-11 14:00:00,1532.0,85.83333333333333,24.029999,2.0
2022-07-11 15:00:00,1499.0,96.66666666666667,24.27,2.0
2022-07-11 16:00:00,885.5,92.0,17.7275,2.0
2022-07-11 17:00:00,718.5,122.125,13.920000000000002,2.0
2022-07-11 18:00:00,885.5,138.5,16.3150005,2.0
2022-07-11 19:00:00,833.0,117.25,16.255,2.0
2022-07-11 20:00:00,1609.0,98.33333333333333,24.97,2.0
2022-07-11 21:00:00,1080.0,103.33333333333333,22.33,2.0
2022-07-11 22:00:00,577.0,85.33333333333333,13.88,2.0
2022-07-11 23:00:00,242.0,103.0,7.07,4.0
2022-07-12 00:00:00,1919.0,74.0,31.045,2.0
2022-07-12 01:00:00,784.75,124.75,14.01,2.0
2022-07-12 02:00:00,,,,
2022-07-12 03:00:00,,,,
2022-07-12 04:00:00,1104.0,73.0,22.25,2.0
2022-07-12 05:00:00,1007.0,84.66666666666667,16.04,2.0
2022-07-12 06:00:00,756.5,112.5,15.739999999999998,2.0
2022-07-12 07:00:00,1310.5,124.33333333333333,24.46,2.0
2022-07-12 08:00:00,1080.0,73.33333333333333,23.17,2.0
2022-07-12 09:00:00,1552.0,110.5,23.415,2.0
2022-07-12 10:00:00,1080.0,79.0,23.57,2.0
2022-07-12 11:00:00,1269.0,87.83333333333333,23.45,2.0
2022-07-12 12:00:00,1080.0,102.33333333333333,17.19,2.0
2022-07-12 13:00:00,963.0,86.0,22.37,2.0
2022-07-12 14:00:00,769.0,77.66666666666667,20.1,2.0
2022-07-12 15:00:00,1418.0,80.5,25.817500000000003,2.0
2022-07-12 16:00:00,1272.0,121.33333333333333,21.3,2.0
2022-07-12 17:00:00,869.5,128.125,16.3724995,2.0
2022-07-12 18:00:00,1044.5,135.625,16.1725,2.0
2022-07-12 19:00:00,1070.5,137.0,16.48,2.0
2022-07-12 20:00:00,1080.0,93.33333333333333,21.26,2.0
2022-07-12 21:00:00,673.0,92.66666666666667,17.71,2.0
2022-07-12 22:00:00,1703.5,82.75,28.1475,2.0
2022-07-12 23:00:00,1955.0,104.33333333333333,25.925,2.0
2022-07-13 00:00:00,,,,
2022-07-13 01:00:00,,,,
2022-07-13 02:00:00,,,,
2022-07-13 03:00:00,,,,
2022-07-13 04:00:00,,,,
2022-07-13 05:00:00,496.5,92.0,13.2750005,2.0
2022-07-13 06:00:00,792.0,126.5,15.2249995,2.0
2022-07-13 07:00:00,1626.0,94.33333333333333,23.525002,2.0
2022-07-13 08:00:00,641.0,82.125,15.555,2.0
2022-07-13 09:00:00,1374.0,88.66666666666667,24.285,2.0
2022-07-13 10:00:00,1080.0,123.66666666666667,19.01,2.0
2022-07-13 11:00:00,1045.0,102.16666666666667,15.014999,2.0
2022-07-13 12:00:00,1312.0,102.16666666666667,22.42,2.0
2022-07-13 13:00:00,609.0,86.5,17.475,2.0
2022-07-13 14:00:00,883.0,94.0,20.685,2.0
2022-07-13 15:00:00,850.25,106.375,15.235,2.0
2022-07-13 16:00:00,1021.5,156.0,16.1675005,2.0
2022-07-13 17:00:00,1454.0,141.0,17.88,2.0
2022-07-13 18:00:00,1107.5,132.125,17.435000000000002,2.0
2022-07-13 19:00:00,1195.5,149.375,16.564999999999998,2.0
2022-07-13 20:00:00,844.0,98.66666666666667,16.38,2.0
2022-07-13 21:00:00,908.0,94.625,18.645000500000002,2.0
2022-07-13 22:00:00,596.0,102.0,16.5,2.0
2022-07-13 23:00:00,,,,
2022-07-14 00:00:00,,,,
2022-07-14 01:00:00,,,,
2022-07-14 02:00:00,,,,
2022-07-14 03:00:00,,,,
2022-07-14 04:00:00,1753.5,126.75,22.975,2.0
2022-07-14 05:00:00,501.5,152.25,10.9799998,3.0
2022-07-14 06:00:00,1021.0,79.375,20.75,2.0
2022-07-14 07:00:00,909.25,119.875,16.9450005,2.0
2022-07-14 08:00:00,838.0,75.0,19.42,2.0
2022-07-14 09:00:00,683.25,90.125,15.11,2.0
2022-07-14 10:00:00,1006.0,86.0,24.38,2.0
2022-07-14 11:00:00,838.0,89.0,22.16,2.0
2022-07-14 12:00:00,1586.0,85.0,26.365000000000002,2.0
2022-07-14 13:00:00,1325.0,80.5,24.06,2.0
2022-07-14 14:00:00,1359.0,96.16666666666667,24.96,2.0
2022-07-14 15:00:00,674.0,82.5,17.560001,2.0
2022-07-14 16:00:00,784.0,119.875,16.0375,2.0
2022-07-14 17:00:00,798.75,125.125,14.892500000000002,2.0
2022-07-14 18:00:00,977.5,116.25,15.8375,2.0
2022-07-14 19:00:00,1025.0,135.25,16.4125,2.0
2022-07-14 20:00:00,1019.0,102.125,17.785,2.0
2022-07-14 21:00:00,1557.0,71.0,28.692500000000003,2.0
2022-07-14 22:00:00,1272.0,101.66666666666667,21.5,2.0
2022-07-14 23:00:00,1606.0,62.0,30.68,2.0
2022-07-15 00:00:00,731.0,84.0,19.03,2.0
2022-07-15 01:00:00,,,,
2022-07-15 02:00:00,1717.0,70.0,30.455,1.0
2022-07-15 03:00:00,,,,
2022-07-15 04:00:00,,,,
2022-07-15 05:00:00,571.0,127.0,11.66,3.0
2022-07-15 06:00:00,1002.5,155.75,16.5625,2.0
2022-07-15 07:00:00,790.0,97.0,16.15,2.0
2022-07-15 08:00:00,727.0,93.0,13.66,2.0
2022-07-15 09:00:00,1080.0,106.66666666666667,21.45,2.0
2022-07-15 10:00:00,1309.0,83.0,25.12,2.0
2022-07-15 11:00:00,1503.0,112.83333333333333,26.25,2.0
2022-07-15 12:00:00,1733.5,76.0,28.35,2.0
2022-07-15 13:00:00,1482.25,74.75,26.6675,2.0
2022-07-15 14:00:00,983.75,112.875,17.310000000000002,2.0
2022-07-15 15:00:00,677.0,115.75,16.09,2.0
2022-07-15 16:00:00,924.5,124.375,17.1025,2.0
2022-07-15 17:00:00,926.0,107.5,18.794999999999998,2.0
2022-07-15 18:00:00,1571.5,147.5,18.5,2.0
2022-07-15 19:00:00,1687.0,118.0,23.365002,2.0
2022-07-15 20:00:00,1022.0,150.75,17.5524995,2.0
2022-07-15 21:00:00,1042.5,132.25,16.939999999999998,2.0
2022-07-15 22:00:00,1309.0,92.5,23.35,2.0
2022-07-15 23:00:00,1413.75,75.75,26.3825,2.0
2022-07-16 00:00:00,,,,
2022-07-16 01:00:00,207.0,214.5,3.165,4.0
2022-07-16 02:00:00,,,,
2022-07-16 03:00:00,,,,
2022-07-16 04:00:00,,,,
2022-07-16 05:00:00,,,,
2022-07-16 06:00:00,793.0,94.5,22.435,2.0
2022-07-16 07:00:00,755.5,113.125,15.6675,2.0
2022-07-16 08:00:00,1138.5,82.33333333333333,25.58,2.0
2022-07-16 09:00:00,1006.0,107.5,16.71,2.0
2022-07-16 10:00:00,755.0,111.75,16.7625,2.0
2022-07-16 11:00:00,1167.5,156.875,18.459999500000002,2.0
2022-07-16 12:00:00,1197.0,155.125,18.49,2.0
2022-07-16 13:00:00,931.5,162.875,15.905000000000001,2.0
2022-07-16 14:00:00,955.75,205.25,13.495000000000001,2.0
2022-07-16 15:00:00,1110.5,189.25,16.3725,2.0
2022-07-16 16:00:00,965.5,194.375,16.1825005,2.0
2022-07-16 17:00:00,1080.0,229.375,16.4075005,2.0
2022-07-16 18:00:00,1217.75,204.5,15.1674995,2.0
2022-07-16 19:00:00,2098.5,287.25,17.95,2.0
2022-07-16 20:00:00,1800.5,155.625,18.005,2.0
2022-07-16 21:00:00,1312.0,100.83333333333333,22.72,2.0
2022-07-16 22:00:00,1141.0,91.66666666666667,22.86,2.0
2022-07-16 23:00:00,757.5,90.875,17.880000000000003,2.0
2022-07-17 00:00:00,,,,
2022-07-17 01:00:00,1146.0,75.5,25.689999999999998,2.0
2022-07-17 02:00:00,2090.0,78.0,30.09,2.0
2022-07-17 03:00:00,609.0,97.0,15.53,2.0
2022-07-17 04:00:00,1831.0,66.0,30.26,1.0
2022-07-17 05:00:00,372.0,108.0,6.42,4.0
2022-07-17 06:00:00,1506.0,84.0,25.695,1.0
2022-07-17 07:00:00,1883.0,100.75,25.41,2.0
2022-07-17 08:00:00,1960.5,76.0,30.7425,2.0
2022-07-17 09:00:00,763.0,119.0,14.8150005,2.0
2022-07-17 10:00:00,718.0,96.625,17.814999999999998,2.0
2022-07-17 11:00:00,873.5,120.375,18.2,2.0
2022-07-17 12:00:00,926.5,140.375,19.78,2.0
2022-07-17 13:00:00,932.5,194.25,16.785,2.0
2022-07-17 14:00:00,1080.0,246.0,15.99,2.0
2022-07-17 15:00:00,724.5,142.0,16.759999999999998,2.0
2022-07-17 16:00:00,1188.0,185.25,15.9174995,2.0
2022-07-17 17:00:00,1462.5,295.125,17.145,2.0
2022-07-17 18:00:00,1374.5,154.375,15.39,2.0
2022-07-17 19:00:00,1541.0,271.375,17.030001,2.0
2022-07-17 20:00:00,1735.5,273.875,18.84,2.0
2022-07-17 21:00:00,1250.0,146.75,18.099999999999998,2.0
2022-07-17 22:00:00,1487.5,75.25,27.695,2.0
2022-07-17 23:00:00,609.0,73.0,18.15,2.0
2022-07-18 00:00:00,,,,
2022-07-18 01:00:00,,,,
2022-07-18 02:00:00,,,,
2022-07-18 03:00:00,1175.0,77.0,25.035,2.0
2022-07-18 04:00:00,1799.0,81.0,27.865000000000002,2.0
2022-07-18 05:00:00,1008.0,109.16666666666667,21.185,2.0
2022-07-18 06:00:00,1100.0,192.75,15.6,2.0
2022-07-18 07:00:00,913.25,179.5,15.4675,2.0
2022-07-18 08:00:00,966.5,181.0,15.295000000000002,2.0
2022-07-18 09:00:00,740.5,171.25,14.379999999999999,2.0
2022-07-18 10:00:00,1194.0,98.16666666666667,24.105,2.0
2022-07-18 11:00:00,631.75,82.625,15.6925005,2.0
2022-07-18 12:00:00,969.5,125.5,16.93,2.0
2022-07-18 13:00:00,1118.0,83.66666666666667,24.52,2.0
2022-07-18 14:00:00,1548.0,90.25,25.915,2.0
2022-07-18 15:00:00,1312.0,91.66666666666667,21.93,2.0
2022-07-18 16:00:00,798.25,118.125,15.985,2.0
2022-07-18 17:00:00,976.5,131.75,16.77,2.0
2022-07-18 18:00:00,821.0,112.5,16.1875,2.0
2022-07-18 19:00:00,838.5,124.375,17.7725,2.0
2022-07-18 20:00:00,907.5,123.75,17.149999,2.0
2022-07-18 21:00:00,1655.0,122.83333333333333,20.535,2.0
2022-07-18 22:00:00,2087.5,104.0,27.535,2.0
2022-07-18 23:00:00,,,,
2022-07-19 00:00:00,,,,
2022-07-19 01:00:00,,,,
2022-07-19 02:00:00,,,,
2022-07-19 03:00:00,,,,
2022-07-19 04:00:00,411.0,133.5,8.809999,3.0
2022-07-19 05:00:00,562.0,116.875,13.045,2.0
2022-07-19 06:00:00,763.0,124.875,14.135000000000002,2.0
2022-07-19 07:00:00,980.5,185.875,16.0475,2.0
2022-07-19 08:00:00,991.0,129.25,18.5574995,2.0
2022-07-19 09:00:00,1062.0,95.33333333333333,16.5,2.0
2022-07-19 10:00:00,1178.0,103.16666666666667,22.4,2.0
2022-07-19 11:00:00,675.0,93.875,16.105,2.0
2022-07-19 12:00:00,729.0,134.5,14.4300005,2.0
2022-07-19 13:00:00,752.0,79.66666666666667,22.5,2.0
2022-07-19 14:00:00,1267.0,84.83333333333333,24.025,2.0
2022-07-19 15:00:00,844.5,100.375,17.214999499999998,2.0
2022-07-19 16:00:00,704.75,111.75,17.2975,2.0
2022-07-19 17:00:00,1023.0,124.125,16.9575,2.0
2022-07-19 18:00:00,1220.0,128.625,16.615,2.0
2022-07-19 19:00:00,917.5,109.5,15.469999999999999,2.0
2022-07-19 20:00:00,1211.5,126.75,19.0075,2.0
2022-07-19 21:00:00,1654.5,78.0,26.814999999999998,2.0
2022-07-19 22:00:00,626.0,127.5,11.139999,3.0
2022-07-19 23:00:00,1422.0,76.0,25.785,1.0
2022-07-20 00:00:00,736.0,170.33333333333334,9.96,3.0
2022-07-20 01:00:00,736.0,207.0,9.96,3.0
2022-07-20 02:00:00,,,,
2022-07-20 03:00:00,,,,
2022-07-20 04:00:00,,,,
2022-07-20 05:00:00,1102.75,85.0,23.4825,2.0
2022-07-20 06:00:00,1097.5,140.125,17.7275,2.0
2022-07-20 07:00:00,1420.5,234.75,13.52,2.0
2022-07-20 08:00:00,916.0,123.375,16.5875,2.0
2022-07-20 09:00:00,1319.0,77.0,25.377499999999998,2.0
2022-07-20 10:00:00,1294.0,77.0,23.77,2.0
2022-07-20 11:00:00,706.0,76.66666666666667,18.29,2.0
2022-07-20 12:00:00,827.5,73.0,18.61,2.0
2022-07-20 13:00:00,1457.0,94.83333333333333,24.54,2.0
2022-07-20 14:00:00,824.5,124.375,12.805,2.0
2022-07-20 15:00:00,939.0,76.75,17.6125,2.0
2022-07-20 16:00:00,896.0,101.0,16.6875,2.0
2022-07-20 17:00:00,1009.5,145.75,16.8275005,2.0
2022-07-20 18:00:00,856.25,121.0,16.8574995,2.0
2022-07-20 19:00:00,1146.0,105.0,21.494999,2.0
2022-07-20 20:00:00,1049.5,87.33333333333333,21.715,2.0
2022-07-20 21:00:00,1033.0,94.66666666666667,23.38,2.0
2022-07-20 22:00:00,1083.0,73.0,20.39,2.0
2022-07-20 23:00:00,937.0,109.5,16.884999999999998,2.0
2022-07-21 00:00:00,446.0,70.0,9.11,3.0
2022-07-21 01:00:00,,,,
2022-07-21 02:00:00,,,,
2022-07-21 03:00:00,2313.0,63.0,33.98,1.0
2022-07-21 04:00:00,,,,
2022-07-21 05:00:00,1183.0,124.0,18.895,2.0
2022-07-21 06:00:00,825.5,139.375,15.9925,2.0
2022-07-21 07:00:00,983.0,171.75,16.392500000000002,2.0
2022-07-21 08:00:00,1041.5,121.5,16.235,2.0
2022-07-21 09:00:00,1003.0,84.33333333333333,23.3,2.0
2022-07-21 10:00:00,1080.0,90.0,23.49,2.0
2022-07-21 11:00:00,752.0,82.0,22.2,2.0
2022-07-21 12:00:00,656.0,79.375,16.54,2.0
2022-07-21 13:00:00,805.5,83.0,21.3,2.0
2022-07-21 14:00:00,727.0,107.0,17.1,2.0
2022-07-21 15:00:00,859.0,90.5,20.99,2.0
2022-07-21 16:00:00,1246.0,105.83333333333333,22.119999,2.0
2022-07-21 17:00:00,944.5,118.25,16.285,2.0
2022-07-21 18:00:00,622.0,109.75,16.095,2.0
2022-07-21 19:00:00,880.5,115.875,15.745,2.0
2022-07-21 20:00:00,953.0,120.875,17.745,2.0
2022-07-21 21:00:00,2034.0,95.0,28.2249995,2.0
2022-07-21 22:00:00,1512.0,96.66666666666667,23.93,2.0
2022-07-21 23:00:00,1886.0,77.0,29.205,1.0
2022-07-22 00:00:00,,,,
2022-07-22 01:00:00,,,,
2022-07-22 02:00:00,,,,
2022-07-22 03:00:00,,,,
2022-07-22 04:00:00,,,,
2022-07-22 05:00:00,925.0,101.0,17.494999,2.0
2022-07-22 06:00:00,974.0,124.125,17.7775,2.0
2022-07-22 07:00:00,838.5,171.625,16.24,2.0
2022-07-22 08:00:00,723.5,91.5,15.259999999999998,2.0
2022-07-22 09:00:00,1309.0,89.66666666666667,23.65,2.0
2022-07-22 10:00:00,1141.0,74.5,21.705,2.0
2022-07-22 11:00:00,1178.0,90.66666666666667,24.225,2.0
2022-07-22 12:00:00,1680.5,102.0,25.4,2.0
2022-07-22 13:00:00,1182.0,83.0,23.64,2.0
2022-07-22 14:00:00,767.0,118.0,15.96,2.0
2022-07-22 15:00:00,1080.0,93.0,19.63,2.0
2022-07-22 16:00:00,1133.0,118.0,18.04,2.0
2022-07-22 17:00:00,1087.0,139.125,15.9175,2.0
2022-07-22 18:00:00,1066.0,126.75,17.4275005,2.0
2022-07-22 19:00:00,904.0,116.75,17.6875,2.0
2022-07-22 20:00:00,1205.0,93.16666666666667,21.75,2.0
2022-07-22 21:00:00,1080.0,89.33333333333333,21.37,2.0
2022-07-22 22:00:00,1000.0,69.25,22.83,2.0
2022-07-22 23:00:00,,,,
2022-07-23 00:00:00,,,,
2022-07-23 01:00:00,673.5,115.875,13.15,2.0
2022-07-23 02:00:00,,,,
2022-07-23 03:00:00,,,,
2022-07-23 04:00:00,,,,
2022-07-23 05:00:00,,,,
2022-07-23 06:00:00,1046.75,77.25,23.45,2.0
2022-07-23 07:00:00,892.5,137.0,14.910001000000001,2.0
2022-07-23 08:00:00,733.0,115.375,14.485000500000002,2.0
2022-07-23 09:00:00,1077.5,101.25,18.995,2.0
2022-07-23 10:00:00,783.0,113.125,17.2825,2.0
2022-07-23 11:00:00,616.0,104.75,15.39,2.0
2022-07-23 12:00:00,1053.0,92.16666666666667,21.945,2.0
2022-07-23 13:00:00,690.5,118.75,14.875,2.0
2022-07-23 14:00:00,739.5,153.25,14.545,2.0
2022-07-23 15:00:00,722.5,135.75,14.4624995,2.0
2022-07-23 16:00:00,1020.0,211.0,17.5425,2.0
2022-07-23 17:00:00,1027.0,235.375,15.925,2.0
2022-07-23 18:00:00,1213.5,195.875,18.98,2.0
2022-07-23 19:00:00,1171.0,243.375,18.095,2.0
2022-07-23 20:00:00,1221.0,250.75,18.23,2.0
2022-07-23 21:00:00,1229.0,168.125,17.21,2.0
2022-07-23 22:00:00,1578.75,86.25,27.3125,2.0
2022-07-23 23:00:00,1672.0,68.0,29.245,2.0
2022-07-24 00:00:00,1623.0,83.5,27.700001,2.0
2022-07-24 01:00:00,,,,
2022-07-24 02:00:00,,,,
2022-07-24 03:00:00,,,,
2022-07-24 04:00:00,,,,
2022-07-24 05:00:00,1852.75,142.0,23.634999999999998,2.0
2022-07-24 06:00:00,,,,
2022-07-24 07:00:00,838.0,73.66666666666667,22.83,2.0
2022-07-24 08:00:00,1878.0,125.0,19.71,2.0
2022-07-24 09:00:00,1429.5,86.16666666666667,24.525,2.0
2022-07-24 10:00:00,760.0,101.375,15.715,2.0
2022-07-24 11:00:00,652.5,134.125,14.075,2.0
2022-07-24 12:00:00,681.75,125.375,16.045,2.0
2022-07-24 13:00:00,843.0,120.0,16.245,2.0
2022-07-24 14:00:00,996.25,130.0,16.485,2.0
2022-07-24 15:00:00,779.0,143.25,15.18,2.0
2022-07-24 16:00:00,1069.0,146.875,16.6349995,2.0
2022-07-24 17:00:00,1663.5,287.0,18.29,2.0
2022-07-24 18:00:00,1741.5,399.25,18.275,2.0
2022-07-24 19:00:00,1660.5,177.0,17.9000005,2.0
2022-07-24 20:00:00,1128.5,127.375,15.684999999999999,2.0
2022-07-24 21:00:00,1859.0,133.66666666666666,23.35,2.0
2022-07-24 22:00:00,989.5,83.16666666666667,20.605,2.0
2022-07-24 23:00:00,,,,
2022-07-25 00:00:00,,,,
2022-07-25 01:00:00,,,,
2022-07-25 02:00:00,,,,
2022-07-25 03:00:00,,,,
2022-07-25 04:00:00,,,,
2022-07-25 05:00:00,1356.0,112.66666666666667,21.14,2.0
2022-07-25 06:00:00,1269.0,251.875,16.4,2.0
2022-07-25 07:00:00,1214.5,373.375,16.3275,2.0
2022-07-25 08:00:00,1123.5,222.625,15.9475,2.0
2022-07-25 09:00:00,1459.0,81.25,24.79,2.0
2022-07-25 10:00:00,1080.0,98.83333333333333,21.03,2.0
2022-07-25 11:00:00,1394.0,84.0,24.39,2.0
2022-07-25 12:00:00,1421.5,82.83333333333333,22.134998,2.0
2022-07-25 13:00:00,1114.0,123.625,17.2025,2.0
2022-07-25 14:00:00,879.0,94.625,19.6925,2.0
2022-07-25 15:00:00,1104.0,120.375,19.525,2.0
2022-07-25 16:00:00,1063.0,130.875,16.6475,2.0
2022-07-25 17:00:00,1170.0,123.125,16.355,2.0
2022-07-25 18:00:00,1129.0,165.375,16.0725,2.0
2022-07-25 19:00:00,1005.0,143.0,15.782499999999999,2.0
2022-07-25 20:00:00,1042.0,74.33333333333333,20.66,2.0
2022-07-25 21:00:00,1821.0,88.33333333333333,30.36,2.0
2022-07-25 22:00:00,908.0,88.66666666666667,20.715,2.0
2022-07-25 23:00:00,464.0,90.0,11.3475,2.0
2022-07-26 00:00:00,1106.0,84.0,22.38,2.0
2022-07-26 01:00:00,,,,
2022-07-26 02:00:00,,,,
2022-07-26 03:00:00,,,,
2022-07-26 04:00:00,,,,
2022-07-26 05:00:00,571.0,79.0,16.1,2.0
2022-07-26 06:00:00,832.0,159.125,16.37,2.0
2022-07-26 07:00:00,927.0,205.625,17.630000000000003,2.0
2022-07-26 08:00:00,1512.0,83.0,21.565,2.0
2022-07-26 09:00:00,1138.5,90.5,22.465,2.0
2022-07-26 10:00:00,1129.0,87.33333333333333,21.58,2.0
2022-07-26 11:00:00,742.0,91.66666666666667,18.08,2.0
2022-07-26 12:00:00,1146.0,80.0,24.92,2.0
2022-07-26 13:00:00,1080.0,101.0,21.4,2.0
2022-07-26 14:00:00,823.0,106.625,15.46,2.0
2022-07-26 15:00:00,663.5,111.375,15.314999499999999,2.0
2022-07-26 16:00:00,944.0,122.75,16.035,2.0
2022-07-26 17:00:00,793.0,108.625,16.137500000000003,2.0
2022-07-26 18:00:00,1290.75,129.0,19.297500499999998,2.0
2022-07-26 19:00:00,641.5,127.75,14.312499500000001,2.0
2022-07-26 20:00:00,1001.0,100.875,15.245000000000001,2.0
2022-07-26 21:00:00,706.0,78.33333333333333,18.685,2.0
2022-07-26 22:00:00,1805.0,74.0,28.57,1.0
2022-07-26 23:00:00,,,,
2022-07-27 00:00:00,,,,
2022-07-27 01:00:00,,,,
2022-07-27 02:00:00,,,,
2022-07-27 03:00:00,,,,
2022-07-27 04:00:00,,,,
2022-07-27 05:00:00,653.0,95.33333333333333,18.16,2.0
2022-07-27 06:00:00,952.75,175.375,16.225,2.0
2022-07-27 07:00:00,903.0,147.25,15.245000000000001,2.0
2022-07-27 08:00:00,833.75,109.625,17.457499,2.0
2022-07-27 09:00:00,838.0,97.33333333333333,18.965,2.0
2022-07-27 10:00:00,1182.0,79.25,22.905,2.0
2022-07-27 11:00:00,798.0,118.83333333333333,21.89,2.0
2022-07-27 12:00:00,1159.0,87.25,22.8125,2.0
2022-07-27 13:00:00,1254.5,85.0,24.055,2.0
2022-07-27 14:00:00,743.5,113.75,15.752499499999999,2.0
2022-07-27 15:00:00,817.5,110.25,16.560000000000002,2.0
2022-07-27 16:00:00,907.5,117.25,14.700000000000001,2.0
2022-07-27 17:00:00,841.75,144.25,15.735,2.0
2022-07-27 18:00:00,848.0,126.5,15.71,2.0
2022-07-27 19:00:00,908.0,90.83333333333333,21.39,2.0
2022-07-27 20:00:00,1246.0,86.33333333333333,22.82,2.0
2022-07-27 21:00:00,1474.0,95.83333333333333,26.64,2.0
2022-07-27 22:00:00,960.5,72.0,22.785000500000002,2.0
2022-07-27 23:00:00,,,,
2022-07-28 00:00:00,,,,
2022-07-28 01:00:00,,,,
2022-07-28 02:00:00,,,,
2022-07-28 03:00:00,,,,
2022-07-28 04:00:00,,,,
2022-07-28 05:00:00,1129.0,73.16666666666667,16.400002,2.0
2022-07-28 06:00:00,665.5,239.75,15.7775,2.0
2022-07-28 07:00:00,815.0,134.625,15.337499999999999,2.0
2022-07-28 08:00:00,1558.0,101.83333333333333,23.805,2.0
2022-07-28 09:00:00,1242.75,86.25,24.9075,2.0
2022-07-28 10:00:00,1080.0,89.66666666666667,22.155,2.0
2022-07-28 11:00:00,1312.0,89.0,22.16,2.0
2022-07-28 12:00:00,1518.5,73.5,26.565,2.0
2022-07-28 13:00:00,1182.0,83.66666666666667,20.75,2.0
2022-07-28 14:00:00,812.5,95.0,15.885,2.0
2022-07-28 15:00:00,844.5,90.375,19.8325,2.0
2022-07-28 16:00:00,906.25,115.75,17.2524995,2.0
2022-07-28 17:00:00,829.0,111.75,15.18,2.0
2022-07-28 18:00:00,1025.0,116.75,16.5399995,2.0
2022-07-28 19:00:00,962.5,121.5,16.5124995,2.0
2022-07-28 20:00:00,1151.25,86.5,23.325,2.0
2022-07-28 21:00:00,1792.0,86.0,26.04,2.0
2022-07-28 22:00:00,918.5,93.25,17.5925,2.0
2022-07-28 23:00:00,,,,
2022-07-29 00:00:00,,,,
2022-07-29 01:00:00,,,,
2022-07-29 02:00:00,,,,
2022-07-29 03:00:00,,,,
2022-07-29 04:00:00,,,,
2022-07-29 05:00:00,1167.0,129.5,17.27,2.0
2022-07-29 06:00:00,1076.5,155.375,17.945,2.0
2022-07-29 07:00:00,673.5,121.375,14.370000000000001,2.0
2022-07-29 08:00:00,793.0,134.5,16.02,2.0
2022-07-29 09:00:00,954.0,97.0,16.775,2.0
2022-07-29 10:00:00,746.75,87.875,15.462499999999999,2.0
2022-07-29 11:00:00,795.0,84.5,19.970001,2.0
2022-07-29 12:00:00,607.0,89.0,15.41,2.0
2022-07-29 13:00:00,1080.0,78.33333333333333,21.215,2.0
2022-07-29 14:00:00,789.0,120.25,15.775,2.0
2022-07-29 15:00:00,839.5,123.75,15.575,2.0
2022-07-29 16:00:00,947.5,135.5,16.307501000000002,2.0
2022-07-29 17:00:00,1060.0,135.375,17.565,2.0
2022-07-29 18:00:00,1115.5,140.625,17.215,2.0
2022-07-29 19:00:00,876.0,121.25,15.504999999999999,2.0
2022-07-29 20:00:00,863.5,132.0,16.3150005,2.0
2022-07-29 21:00:00,863.5,101.75,16.572499999999998,2.0
2022-07-29 22:00:00,1104.0,78.66666666666667,22.71,2.0
2022-07-29 23:00:00,1080.0,82.5,23.03,2.0
2022-07-30 00:00:00,1836.0,131.5,24.527500000000003,2.0
2022-07-30 01:00:00,1175.0,68.5,27.080002,1.0
2022-07-30 02:00:00,1534.0,77.0,28.68,1.0
2022-07-30 03:00:00,,,,
2022-07-30 04:00:00,,,,
2022-07-30 05:00:00,,,,
2022-07-30 06:00:00,1859.5,76.0,28.630001,1.0
2022-07-30 07:00:00,1709.0,128.5,26.720001,2.0
2022-07-30 08:00:00,927.5,102.25,17.295,2.0
2022-07-30 09:00:00,791.0,138.0,16.33,2.0
2022-07-30 10:00:00,846.0,85.66666666666667,18.65,2.0
2022-07-30 11:00:00,881.0,80.5,23.265,2.0
2022-07-30 12:00:00,1196.0,84.5,24.0500005,2.0
2022-07-30 13:00:00,1532.0,87.66666666666667,24.97,2.0
2022-07-30 14:00:00,475.5,99.875,11.967499499999999,2.0
2022-07-30 15:00:00,843.0,106.75,17.5875005,2.0
2022-07-30 16:00:00,992.5,129.0,15.98,2.0
2022-07-30 17:00:00,751.0,130.875,14.84,2.0
2022-07-30 18:00:00,1612.0,152.66666666666666,21.925,2.0
2022-07-30 19:00:00,933.5,110.25,17.505000000000003,2.0
2022-07-30 20:00:00,1137.75,128.375,19.13,2.0
2022-07-30 21:00:00,1531.0,83.0,26.037501,2.0
2022-07-30 22:00:00,806.0,86.66666666666667,21.92,2.0
2022-07-30 23:00:00,1231.0,65.5,26.455000000000002,2.0
2022-07-31 00:00:00,1710.0,60.0,32.06,1.0
2022-07-31 01:00:00,,,,
2022-07-31 02:00:00,,,,
2022-07-31 03:00:00,,,,
2022-07-31 04:00:00,,,,
2022-07-31 05:00:00,,,,
2022-07-31 06:00:00,,,,
2022-07-31 07:00:00,691.0,86.5,17.36,2.0
2022-07-31 08:00:00,1183.0,65.75,26.845,2.0
2022-07-31 09:00:00,375.0,103.0,10.57,3.0
2022-07-31 10:00:00,374.0,148.5,9.56,3.0
2022-07-31 11:00:00,605.5,117.25,15.655000000000001,2.0
2022-07-31 12:00:00,599.0,85.75,15.774999999999999,2.0
2022-07-31 13:00:00,587.0,105.75,15.52,2.0
2022-07-31 14:00:00,835.5,137.0,16.657499,2.0
2022-07-31 15:00:00,1149.75,206.5,16.692500000000003,2.0
2022-07-31 16:00:00,1173.0,174.5,15.935,2.0
2022-07-31 17:00:00,1007.0,262.3333333333333,11.975,3.0
2022-07-31 18:00:00,1379.5,214.125,18.3175,2.0
2022-07-31 19:00:00,1422.5,243.375,17.0600005,2.0
2022-07-31 20:00:00,1580.0,278.5,17.71,2.0
2022-07-31 21:00:00,1519.0,270.0,16.8425,2.0
2022-07-31 22:00:00,1553.0,101.0,25.470001,2.0
2022-07-31 23:00:00,,,,
2022-08-01 00:00:00,,,,
2022-08-01 01:00:00,,,,
2022-08-01 02:00:00,,,,
2022-08-01 03:00:00,,,,
2022-08-01 04:00:00,,,,
2022-08-01 05:00:00,1349.0,212.375,16.0775,2.0
2022-08-01 06:00:00,1035.0,188.625,15.045000000000002,2.0
2022-08-01 07:00:00,905.5,173.5,15.575000000000001,2.0
2022-08-01 08:00:00,827.0,94.0,17.02,2.0
2022-08-01 09:00:00,752.0,90.66666666666667,20.1,2.0
2022-08-01 10:00:00,908.0,86.5,20.97,2.0
2022-08-01 11:00:00,908.5,94.875,16.34,2.0
2022-08-01 12:00:00,816.5,97.875,16.8975,2.0
2022-08-01 13:00:00,1504.0,83.5,23.28,2.0
2022-08-01 14:00:00,516.0,102.125,13.127500000000001,2.0
2022-08-01 15:00:00,805.0,106.25,15.5775,2.0
2022-08-01 16:00:00,752.0,92.66666666666667,20.19,2.0
2022-08-01 17:00:00,1080.0,126.25,17.4050005,2.0
2022-08-01 18:00:00,699.0,88.66666666666667,16.825,2.0
2022-08-01 19:00:00,944.5,120.375,15.882500499999999,2.0
2022-08-01 20:00:00,748.0,114.0,16.4550005,2.0
2022-08-01 21:00:00,1120.25,153.25,21.302500000000002,2.0
2022-08-01 22:00:00,752.0,90.66666666666667,20.81,2.0
2022-08-01 23:00:00,709.0,219.66666666666666,13.1,3.0
2022-08-02 00:00:00,,,,
2022-08-02 01:00:00,,,,
2022-08-02 02:00:00,,,,
2022-08-02 03:00:00,,,,
2022-08-02 04:00:00,,,,
2022-08-02 05:00:00,819.0,34.0,20.61,2.0
2022-08-02 06:00:00,1192.0,145.875,17.802500000000002,2.0
2022-08-02 07:00:00,1210.0,99.83333333333333,22.27,2.0
2022-08-02 08:00:00,792.5,114.0,14.7775,2.0
2022-08-02 09:00:00,1108.5,77.5,23.560000000000002,2.0
2022-08-02 10:00:00,704.0,74.0,17.55,2.0
2022-08-02 11:00:00,1080.0,92.66666666666667,22.22,2.0
2022-08-02 12:00:00,781.5,88.375,17.19,2.0
2022-08-02 13:00:00,788.0,106.875,16.9875,2.0
2022-08-02 14:00:00,1080.0,88.83333333333333,23.75,2.0
2022-08-02 15:00:00,925.25,107.375,16.3749995,2.0
2022-08-02 16:00:00,869.0,102.5,17.955,2.0
2022-08-02 17:00:00,1504.0,82.33333333333333,22.01,2.0
2022-08-02 18:00:00,1184.0,138.5,15.749998999999999,2.0
2022-08-02 19:00:00,1532.0,108.0,26.07,2.0
2022-08-02 20:00:00,1449.0,99.5,23.36,2.0
2022-08-02 21:00:00,1880.0,83.75,25.667499999999997,2.0
2022-08-02 22:00:00,290.0,131.5,8.225,3.0
2022-08-02 23:00:00,290.0,191.0,4.8,4.0
2022-08-03 00:00:00,3901.75,240.0,25.095,2.0
2022-08-03 01:00:00,,,,
2022-08-03 02:00:00,,,,
2022-08-03 03:00:00,,,,
2022-08-03 04:00:00,,,,
2022-08-03 05:00:00,1180.5,78.25,24.229999499999998,2.0
2022-08-03 06:00:00,908.5,132.375,16.8625005,2.0
2022-08-03 07:00:00,817.5,130.75,14.645,2.0
2022-08-03 08:00:00,881.5,118.5,14.855,2.0
2022-08-03 09:00:00,1080.0,106.83333333333333,17.925,2.0
2022-08-03 10:00:00,818.0,89.33333333333333,22.19,2.0
2022-08-03 11:00:00,1504.0,86.5,24.725,2.0
2022-08-03 12:00:00,1894.0,117.33333333333333,25.17,2.0
2022-08-03 13:00:00,1216.5,98.5,19.5,2.0
2022-08-03 14:00:00,877.5,98.375,17.607499999999998,2.0
2022-08-03 15:00:00,513.0,118.75,12.8724995,2.0
2022-08-03 16:00:00,765.0,114.5,16.32,2.0
2022-08-03 17:00:00,702.0,168.75,14.855,2.0
2022-08-03 18:00:00,858.0,146.125,16.52,2.0
2022-08-03 19:00:00,1599.0,111.33333333333333,23.14,2.0
2022-08-03 20:00:00,1532.0,95.0,24.455,2.0
2022-08-03 21:00:00,2129.0,126.0,24.705,2.0
2022-08-03 22:00:00,1462.5,80.5,24.485,2.0
2022-08-03 23:00:00,,,,
2022-08-04 00:00:00,,,,
2022-08-04 01:00:00,,,,
2022-08-04 02:00:00,,,,
2022-08-04 03:00:00,,,,
2022-08-04 04:00:00,,,,
2022-08-04 05:00:00,290.0,108.5,7.67,3.0
2022-08-04 06:00:00,1163.0,129.625,16.7075,2.0
2022-08-04 07:00:00,825.5,168.75,18.7500005,2.0
2022-08-04 08:00:00,1080.0,117.5,22.49,2.0
2022-08-04 09:00:00,1499.0,85.0,23.21,2.0
2022-08-04 10:00:00,776.0,119.25,14.739999999999998,2.0
2022-08-04 11:00:00,753.0,102.25,15.285,2.0
2022-08-04 12:00:00,726.5,116.875,15.1175,2.0
2022-08-04 13:00:00,743.5,102.25,17.53,2.0
2022-08-04 14:00:00,1080.0,89.83333333333333,21.65,2.0
2022-08-04 15:00:00,840.75,102.0,16.555,2.0
2022-08-04 16:00:00,1042.0,89.16666666666667,17.09,2.0
2022-08-04 17:00:00,931.0,102.375,17.76,2.0
2022-08-04 18:00:00,656.5,103.375,14.875,2.0
2022-08-04 19:00:00,839.5,158.875,15.472499500000001,2.0
2022-08-04 20:00:00,1283.0,123.83333333333333,21.285,2.0
2022-08-04 21:00:00,1688.0,97.16666666666667,25.17,2.0
2022-08-04 22:00:00,1210.0,68.16666666666667,24.385,2.0
2022-08-04 23:00:00,1702.5,94.0,24.439999999999998,2.0
2022-08-05 00:00:00,2234.0,93.0,29.08,1.0
2022-08-05 01:00:00,,,,
2022-08-05 02:00:00,327.0,210.0,5.0,4.0
2022-08-05 03:00:00,,,,
2022-08-05 04:00:00,,,,
2022-08-05 05:00:00,1076.0,83.0,23.215,2.0
2022-08-05 06:00:00,883.0,178.125,16.82,2.0
2022-08-05 07:00:00,883.0,160.0,15.4475,2.0
2022-08-05 08:00:00,1042.0,85.0,20.775,2.0
2022-08-05 09:00:00,599.5,122.5,13.567499999999999,2.0
2022-08-05 10:00:00,609.0,103.16666666666667,16.47,2.0
2022-08-05 11:00:00,1250.5,95.0,25.72,2.0
2022-08-05 12:00:00,707.0,86.0,17.705,2.0
2022-08-05 13:00:00,1080.0,101.33333333333333,17.43,2.0
2022-08-05 14:00:00,1122.0,100.75,19.29,2.0
2022-08-05 15:00:00,1370.0,123.25,18.7275,2.0
2022-08-05 16:00:00,1080.0,97.66666666666667,19.56,2.0
2022-08-05 17:00:00,1235.5,156.75,16.43,2.0
2022-08-05 18:00:00,1045.0,181.5,15.965,2.0
2022-08-05 19:00:00,1168.0,245.625,17.762501,2.0
2022-08-05 20:00:00,1013.25,119.5,16.0099995,2.0
2022-08-05 21:00:00,701.0,83.0,17.8,2.0
2022-08-05 22:00:00,1532.0,94.83333333333333,25.86,2.0
2022-08-05 23:00:00,1146.0,61.0,27.33,1.0
2022-08-06 00:00:00,985.0,162.25,14.9325,2.0
2022-08-06 01:00:00,,,,
2022-08-06 02:00:00,,,,
2022-08-06 03:00:00,,,,
2022-08-06 04:00:00,,,,
2022-08-06 05:00:00,,,,
2022-08-06 06:00:00,,,,
2022-08-06 07:00:00,,,,
2022-08-06 08:00:00,,,,
2022-08-06 09:00:00,,,,
2022-08-06 10:00:00,,,,
2022-08-06 11:00:00,,,,
2022-08-06 12:00:00,,,,
2022-08-06 13:00:00,,,,
2022-08-06 14:00:00,,,,
2022-08-06 15:00:00,,,,
2022-08-06 16:00:00,,,,
2022-08-06 17:00:00,,,,
2022-08-06 18:00:00,,,,
2022-08-06 19:00:00,,,,
2022-08-06 20:00:00,,,,
2022-08-06 21:00:00,,,,
2022-08-06 22:00:00,,,,
2022-08-06 23:00:00,,,,
2022-08-07 00:00:00,,,,
2022-08-07 01:00:00,,,,
2022-08-07 02:00:00,665.0,76.0,18.55,2.0
2022-08-07 03:00:00,,,,
2022-08-07 04:00:00,,,,
2022-08-07 05:00:00,,,,
2022-08-07 06:00:00,603.0,83.0,16.5,2.0
2022-08-07 07:00:00,1784.0,152.5,25.93,2.0
2022-08-07 08:00:00,2717.0,269.1666666666667,19.76,2.0
2022-08-07 09:00:00,959.5,133.125,14.747499999999999,2.0
2022-08-07 10:00:00,606.0,112.25,16.93,2.0
2022-08-07 11:00:00,761.5,122.375,17.9050005,2.0
2022-08-07 12:00:00,1205.0,89.0,25.14,2.0
2022-08-07 13:00:00,802.0,113.875,16.16,2.0
2022-08-07 14:00:00,1118.0,151.25,19.06,2.0
2022-08-07 15:00:00,1076.25,146.0,16.485,2.0
2022-08-07 16:00:00,1326.0,152.875,18.2175,2.0
2022-08-07 17:00:00,1805.0,345.25,18.7400005,2.0
2022-08-07 18:00:00,2787.0,359.1666666666667,25.029999,2.0
2022-08-07 19:00:00,1339.25,172.125,16.0425,2.0
2022-08-07 20:00:00,1674.5,282.875,18.637500000000003,2.0
2022-08-07 21:00:00,2172.0,208.33333333333334,23.48,2.0
2022-08-07 22:00:00,1531.0,90.5,25.802500000000002,2.0
2022-08-07 23:00:00,859.0,76.0,21.54,2.0
2022-08-08 00:00:00,,,,
2022-08-08 01:00:00,,,,
2022-08-08 02:00:00,,,,
2022-08-08 03:00:00,,,,
2022-08-08 04:00:00,1146.0,182.0,15.06,3.0
2022-08-08 05:00:00,751.0,113.125,16.490000000000002,2.0
2022-08-08 06:00:00,1011.5,162.25,15.895,2.0
2022-08-08 07:00:00,973.0,155.5,15.6849995,2.0
2022-08-08 08:00:00,1080.0,96.83333333333333,17.15,2.0
2022-08-08 09:00:00,628.0,95.33333333333333,16.11,2.0
2022-08-08 10:00:00,1177.0,77.5,25.64,2.0
2022-08-08 11:00:00,859.0,93.83333333333333,22.27,2.0
2022-08-08 12:00:00,1312.0,79.0,25.45,2.0
2022-08-08 13:00:00,1141.0,81.33333333333333,25.23,2.0
2022-08-08 14:00:00,1218.0,89.0,23.28,2.0
2022-08-08 15:00:00,1080.0,84.66666666666667,20.615002,2.0
2022-08-08 16:00:00,1077.0,83.16666666666667,19.02,2.0
2022-08-08 17:00:00,871.0,128.125,17.372500000000002,2.0
2022-08-08 18:00:00,756.25,96.875,16.3099995,2.0
2022-08-08 19:00:00,971.0,93.25,18.025,2.0
2022-08-08 20:00:00,1359.0,110.5,22.805,2.0
2022-08-08 21:00:00,1294.0,94.66666666666667,23.61,2.0
2022-08-08 22:00:00,1506.0,122.0,23.0,2.0
2022-08-08 23:00:00,1872.75,68.25,29.9675,2.0
2022-08-09 00:00:00,,,,
2022-08-09 01:00:00,,,,
2022-08-09 02:00:00,,,,
2022-08-09 03:00:00,,,,
2022-08-09 04:00:00,,,,
2022-08-09 05:00:00,463.5,116.0,9.395,4.0
2022-08-09 06:00:00,997.5,117.0,16.45,2.0
2022-08-09 07:00:00,770.25,115.125,15.86,2.0
2022-08-09 08:00:00,872.75,128.75,15.997499999999999,2.0
2022-08-09 09:00:00,845.0,133.5,17.085,2.0
2022-08-09 10:00:00,756.5,108.0,16.205,2.0
2022-08-09 11:00:00,795.0,107.5,18.825,2.0
2022-08-09 12:00:00,1504.0,103.5,24.44,2.0
2022-08-09 13:00:00,1556.0,91.0,27.3425,2.0
2022-08-09 14:00:00,992.5,108.375,17.82,2.0
2022-08-09 15:00:00,1506.0,99.66666666666667,22.85,2.0
2022-08-09 16:00:00,1030.5,129.375,15.925,2.0
2022-08-09 17:00:00,684.0,97.375,14.439999499999999,2.0
2022-08-09 18:00:00,829.5,110.375,14.424999999999999,2.0
2022-08-09 19:00:00,1506.0,94.66666666666667,23.6,2.0
2022-08-09 20:00:00,1506.0,86.0,26.994999,2.0
2022-08-09 21:00:00,1552.0,75.5,27.195,2.0
2022-08-09 22:00:00,1080.0,106.33333333333333,16.72,2.0
2022-08-09 23:00:00,1823.5,108.0,25.509999999999998,2.0
2022-08-10 00:00:00,,,,
2022-08-10 01:00:00,,,,
2022-08-10 02:00:00,,,,
2022-08-10 03:00:00,2247.0,76.0,32.4,1.0
2022-08-10 04:00:00,,,,
2022-08-10 05:00:00,844.0,69.5,23.78,2.0
2022-08-10 06:00:00,1342.0,226.125,18.1425,2.0
2022-08-10 07:00:00,1305.0,253.375,14.3174995,2.0
2022-08-10 08:00:00,798.0,179.5,13.429999500000001,2.0
2022-08-10 09:00:00,1012.0,93.33333333333333,21.619999,2.0
2022-08-10 10:00:00,808.5,83.375,16.535,2.0
2022-08-10 11:00:00,1552.5,204.66666666666666,22.35,2.0
2022-08-10 12:00:00,1457.0,188.0,23.48,2.0
2022-08-10 13:00:00,1742.0,88.66666666666667,25.31,2.0
2022-08-10 14:00:00,1545.0,80.16666666666667,24.86,2.0
2022-08-10 15:00:00,862.75,132.625,16.950000000000003,2.0
2022-08-10 16:00:00,1293.0,140.75,16.8400005,2.0
2022-08-10 17:00:00,999.0,146.5,17.2375,2.0
2022-08-10 18:00:00,1221.5,171.75,18.227500499999998,2.0
2022-08-10 19:00:00,1394.0,83.66666666666667,23.4,2.0
2022-08-10 20:00:00,1716.5,91.0,27.18,2.0
2022-08-10 21:00:00,1422.0,72.0,26.447499999999998,2.0
2022-08-10 22:00:00,1370.0,71.0,26.795,2.0
2022-08-10 23:00:00,1336.5,72.25,24.825000000000003,2.0
2022-08-11 00:00:00,,,,
2022-08-11 01:00:00,,,,
2022-08-11 02:00:00,,,,
2022-08-11 03:00:00,,,,
2022-08-11 04:00:00,,,,
2022-08-11 05:00:00,1598.0,89.5,25.705,2.0
2022-08-11 06:00:00,1033.0,115.0,16.86,2.0
2022-08-11 07:00:00,1273.0,107.66666666666667,20.99,2.0
2022-08-11 08:00:00,1136.0,93.33333333333333,22.29,2.0
2022-08-11 09:00:00,1030.0,99.83333333333333,21.41,2.0
2022-08-11 10:00:00,2228.5,135.5,25.025,2.0
2022-08-11 11:00:00,1293.75,88.0,25.582500500000002,2.0
2022-08-11 12:00:00,1182.0,76.0,23.6875,2.0
2022-08-11 13:00:00,1505.0,89.83333333333333,24.825,2.0
2022-08-11 14:00:00,924.0,173.0,15.239999999999998,2.0
2022-08-11 15:00:00,1064.0,91.0,23.27,2.0
2022-08-11 16:00:00,738.5,114.25,15.504999999999999,2.0
2022-08-11 17:00:00,1045.5,127.25,17.0100005,2.0
2022-08-11 18:00:00,1110.0,135.5,16.3,2.0
2022-08-11 19:00:00,1640.0,123.83333333333333,22.43,2.0
2022-08-11 20:00:00,991.0,124.125,16.42,2.0
2022-08-11 21:00:00,833.5,104.66666666666667,19.29,2.0
2022-08-11 22:00:00,1210.0,94.16666666666667,21.855,2.0
2022-08-11 23:00:00,,,,
2022-08-12 00:00:00,,,,
2022-08-12 01:00:00,2000.0,105.5,27.35,2.0
2022-08-12 02:00:00,,,,
2022-08-12 03:00:00,,,,
2022-08-12 04:00:00,,,,
2022-08-12 05:00:00,1200.0,62.0,28.23,2.0
2022-08-12 06:00:00,872.75,122.5,16.485,2.0
2022-08-12 07:00:00,620.0,107.75,13.690000000000001,2.0
2022-08-12 08:00:00,880.0,99.5,22.34,2.0
2022-08-12 09:00:00,1196.0,83.0,24.345,2.0
2022-08-12 10:00:00,1080.0,126.66666666666667,21.14,2.0
2022-08-12 11:00:00,751.5,140.5,16.0375,2.0
2022-08-12 12:00:00,1197.0,139.33333333333334,24.55,2.0
2022-08-12 13:00:00,1504.0,80.0,25.265,2.0
2022-08-12 14:00:00,842.0,119.875,16.94,2.0
2022-08-12 15:00:00,1506.0,93.66666666666667,23.244999,2.0
2022-08-12 16:00:00,1162.25,114.625,20.252499999999998,2.0
2022-08-12 17:00:00,1189.5,125.375,16.9725,2.0
2022-08-12 18:00:00,1932.0,192.33333333333334,22.28,2.0
2022-08-12 19:00:00,1191.25,107.875,15.675,2.0
2022-08-12 20:00:00,1283.0,100.33333333333333,28.21,2.0
2022-08-12 21:00:00,591.5,104.875,14.08,2.0
2022-08-12 22:00:00,1257.5,70.5,24.814999999999998,2.0
2022-08-12 23:00:00,1381.25,100.25,21.665,2.0
2022-08-13 00:00:00,,,,
2022-08-13 01:00:00,2510.0,85.0,31.82,1.0
2022-08-13 02:00:00,2510.0,84.0,31.69,1.0
2022-08-13 03:00:00,,,,
2022-08-13 04:00:00,423.0,89.0,7.7,3.0
2022-08-13 05:00:00,818.0,137.0,14.18,3.0
2022-08-13 06:00:00,1327.0,80.33333333333333,25.69,2.0
2022-08-13 07:00:00,1266.0,76.5,22.4,2.0
2022-08-13 08:00:00,1227.0,75.5,23.14,2.0
2022-08-13 09:00:00,841.5,105.5,17.955,2.0
2022-08-13 10:00:00,853.0,111.0,18.33,2.0
2022-08-13 11:00:00,884.0,118.75,17.525,2.0
2022-08-13 12:00:00,1225.0,82.16666666666667,24.305,2.0
2022-08-13 13:00:00,1273.0,124.25,19.735,2.0
2022-08-13 14:00:00,789.0,126.125,16.7,2.0
2022-08-13 15:00:00,869.25,95.375,17.915,2.0
2022-08-13 16:00:00,834.25,116.25,16.384999999999998,2.0
2022-08-13 17:00:00,924.0,144.625,14.18,2.0
2022-08-13 18:00:00,1115.5,114.125,19.229999499999998,2.0
2022-08-13 19:00:00,1273.0,124.75,20.134999999999998,2.0
2022-08-13 20:00:00,1640.0,98.5,26.89,2.0
2022-08-13 21:00:00,1558.0,89.33333333333333,24.585,2.0
2022-08-13 22:00:00,1570.5,95.5,25.700000000000003,2.0
2022-08-13 23:00:00,,,,
2022-08-14 00:00:00,706.0,65.0,21.13,2.0
2022-08-14 01:00:00,,,,
2022-08-14 02:00:00,,,,
2022-08-14 03:00:00,,,,
2022-08-14 04:00:00,,,,
2022-08-14 05:00:00,,,,
2022-08-14 06:00:00,609.0,84.0,16.78,2.0
2022-08-14 07:00:00,759.5,67.0,20.945,2.0
2022-08-14 08:00:00,2035.0,79.0,32.285,2.0
2022-08-14 09:00:00,1312.0,74.66666666666667,28.85,2.0
2022-08-14 10:00:00,1043.0,80.5,23.545,2.0
2022-08-14 11:00:00,951.0,108.125,18.0625,2.0
2022-08-14 12:00:00,1669.0,66.0,30.0,2.0
2022-08-14 13:00:00,914.5,112.875,17.17,2.0
2022-08-14 14:00:00,1522.0,93.33333333333333,25.67,2.0
2022-08-14 15:00:00,932.5,109.625,16.47,2.0
2022-08-14 16:00:00,1080.0,162.25,16.17,2.0
2022-08-14 17:00:00,1273.5,211.0,16.1175005,2.0
2022-08-14 18:00:00,1589.5,139.125,17.3275,2.0
2022-08-14 19:00:00,1266.0,124.0,24.44,2.0
2022-08-14 20:00:00,1678.0,114.16666666666667,24.19,2.0
2022-08-14 21:00:00,1124.0,88.83333333333333,21.97,2.0
2022-08-14 22:00:00,2464.0,124.0,27.175,2.0
2022-08-14 23:00:00,2352.0,79.25,33.0675,2.0
2022-08-15 00:00:00,,,,
2022-08-15 01:00:00,,,,
2022-08-15 02:00:00,,,,
2022-08-15 03:00:00,,,,
2022-08-15 04:00:00,,,,
2022-08-15 05:00:00,919.0,118.125,13.765,2.0
2022-08-15 06:00:00,1014.75,187.75,14.785,2.0
2022-08-15 07:00:00,980.5,124.0,15.71,2.0
2022-08-15 08:00:00,1080.0,103.66666666666667,20.61,2.0
2022-08-15 09:00:00,1080.0,78.83333333333333,25.79,2.0
2022-08-15 10:00:00,772.0,70.33333333333333,20.97,2.0
2022-08-15 11:00:00,1080.0,106.16666666666667,22.869999,2.0
2022-08-15 12:00:00,1207.0,93.5,19.825,2.0
2022-08-15 13:00:00,1156.0,76.5,23.64,2.0
2022-08-15 14:00:00,,,,
2022-08-15 15:00:00,1569.0,78.5,26.015,2.0
2022-08-15 16:00:00,879.0,122.125,17.5075005,2.0
2022-08-15 17:00:00,854.0,129.375,17.41,2.0
2022-08-15 18:00:00,954.5,120.125,17.677500000000002,2.0
2022-08-15 19:00:00,1354.75,116.25,19.365,2.0
2022-08-15 20:00:00,1048.0,167.5,17.540000499999998,2.0
2022-08-15 21:00:00,1382.0,103.33333333333333,24.185,2.0
2022-08-15 22:00:00,752.0,92.83333333333333,18.08,2.0
2022-08-15 23:00:00,1834.0,83.0,30.0,2.0
2022-08-16 00:00:00,1618.0,114.33333333333333,23.81,2.0
2022-08-16 01:00:00,730.0,109.0,15.27,2.0
2022-08-16 02:00:00,1083.0,117.0,19.61,2.0
2022-08-16 03:00:00,,,,
2022-08-16 04:00:00,,,,
2022-08-16 05:00:00,1608.0,82.33333333333333,28.9,2.0
2022-08-16 06:00:00,1090.0,173.375,17.6625,2.0
2022-08-16 07:00:00,1289.75,153.875,16.9050005,2.0
2022-08-16 08:00:00,1108.5,115.5,18.835,2.0
2022-08-16 09:00:00,712.0,99.33333333333333,16.76,2.0
2022-08-16 10:00:00,1080.0,85.0,22.325,2.0
2022-08-16 11:00:00,1080.0,77.0,21.09,2.0
2022-08-16 12:00:00,1080.0,77.33333333333333,25.26,2.0
2022-08-16 13:00:00,791.25,104.25,18.1449995,2.0
2022-08-16 14:00:00,663.0,102.875,17.38,2.0
2022-08-16 15:00:00,1445.5,206.875,19.2275,2.0
2022-08-16 16:00:00,1383.0,189.625,17.41,2.0
2022-08-16 17:00:00,1529.5,197.5,17.815,2.0
2022-08-16 18:00:00,1612.0,133.66666666666666,20.635,2.0
2022-08-16 19:00:00,986.5,127.375,16.009999999999998,2.0
2022-08-16 20:00:00,845.0,158.75,15.765,2.0
2022-08-16 21:00:00,1051.0,172.125,17.7625,2.0
2022-08-16 22:00:00,688.0,99.5,16.127499999999998,2.0
2022-08-16 23:00:00,1052.0,78.0,23.4725,2.0
2022-08-17 00:00:00,,,,
2022-08-17 01:00:00,,,,
2022-08-17 02:00:00,,,,
2022-08-17 03:00:00,,,,
2022-08-17 04:00:00,,,,
2022-08-17 05:00:00,,,,
2022-08-17 06:00:00,,,,
2022-08-17 07:00:00,,,,
2022-08-17 08:00:00,1146.0,73.0,25.244999,1.0
2022-08-17 09:00:00,607.0,98.66666666666667,16.34,2.0
2022-08-17 10:00:00,997.75,68.0,23.950000000000003,2.0
2022-08-17 11:00:00,823.0,78.0,20.49,2.0
2022-08-17 12:00:00,1246.0,78.33333333333333,25.36,2.0
2022-08-17 13:00:00,713.5,97.0,16.735,2.0
2022-08-17 14:00:00,,,,
2022-08-17 15:00:00,1028.5,74.25,24.529999,2.0
2022-08-17 16:00:00,1141.0,63.0,27.3,1.0
2022-08-17 17:00:00,1067.25,67.75,24.78,2.0
2022-08-17 18:00:00,1286.0,69.66666666666667,25.8,2.0
2022-08-17 19:00:00,1394.0,79.33333333333333,29.16,2.0
2022-08-17 20:00:00,1339.0,76.0,23.130000000000003,2.0
2022-08-17 21:00:00,1165.0,131.33333333333334,24.1,2.0
2022-08-17 22:00:00,1206.0,97.5,20.67,2.0
2022-08-17 23:00:00,,,,
2022-08-18 00:00:00,,,,
2022-08-18 01:00:00,,,,
2022-08-18 02:00:00,,,,
2022-08-18 03:00:00,,,,
2022-08-18 04:00:00,,,,
2022-08-18 05:00:00,1374.0,120.33333333333333,20.83,2.0
2022-08-18 06:00:00,1230.5,185.625,16.82,2.0
2022-08-18 07:00:00,1129.0,138.33333333333334,21.8,2.0
2022-08-18 08:00:00,1141.0,107.33333333333333,22.505001,2.0
2022-08-18 09:00:00,735.0,90.0,15.657499999999999,2.0
2022-08-18 10:00:00,752.0,96.33333333333333,21.84,2.0
2022-08-18 11:00:00,1146.0,63.0,27.085,2.0
2022-08-18 12:00:00,851.0,101.16666666666667,20.9,2.0
2022-08-18 13:00:00,795.0,78.66666666666667,20.64,2.0
2022-08-18 14:00:00,789.5,125.375,16.305,2.0
2022-08-18 15:00:00,1154.0,88.16666666666667,21.25,2.0
2022-08-18 16:00:00,1421.0,101.66666666666667,21.97,2.0
2022-08-18 17:00:00,1058.5,149.875,16.689999999999998,2.0
2022-08-18 18:00:00,982.5,148.625,16.564999999999998,2.0
2022-08-18 19:00:00,870.5,135.0,16.415,2.0
2022-08-18 20:00:00,1312.0,91.83333333333333,23.965,2.0
2022-08-18 21:00:00,752.0,87.16666666666667,17.53,2.0
2022-08-18 22:00:00,1061.0,97.0,23.275,2.0
2022-08-18 23:00:00,,,,
2022-08-19 00:00:00,,,,
2022-08-19 01:00:00,,,,
2022-08-19 02:00:00,,,,
2022-08-19 03:00:00,,,,
2022-08-19 04:00:00,,,,
2022-08-19 05:00:00,1006.0,82.25,20.22,2.0
2022-08-19 06:00:00,1102.0,207.5,15.11,2.0
2022-08-19 07:00:00,1190.5,202.25,15.4774995,2.0
2022-08-19 08:00:00,795.0,97.83333333333333,20.77,2.0
2022-08-19 09:00:00,818.0,98.66666666666667,20.17,2.0
2022-08-19 10:00:00,1182.0,96.83333333333333,20.72,2.0
2022-08-19 11:00:00,1083.0,102.83333333333333,23.23,2.0
2022-08-19 12:00:00,1205.0,63.0,27.1,2.0
2022-08-19 13:00:00,1294.0,106.33333333333333,24.95,2.0
2022-08-19 14:00:00,1080.0,92.0,23.43,2.0
2022-08-19 15:00:00,1080.0,108.16666666666667,19.27,2.0
2022-08-19 16:00:00,1149.5,116.0,17.1475,2.0
2022-08-19 17:00:00,917.0,131.0,17.25,2.0
2022-08-19 18:00:00,1008.5,94.33333333333333,21.6,2.0
2022-08-19 19:00:00,901.5,114.875,17.2549995,2.0
2022-08-19 20:00:00,953.0,108.125,16.1325005,2.0
2022-08-19 21:00:00,1401.5,69.0,26.58,2.0
2022-08-19 22:00:00,509.0,74.25,14.442499999999999,2.0
2022-08-19 23:00:00,,,,
2022-08-20 00:00:00,,,,
2022-08-20 01:00:00,456.0,159.0,8.38,3.0
2022-08-20 02:00:00,,,,
2022-08-20 03:00:00,,,,
2022-08-20 04:00:00,,,,
2022-08-20 05:00:00,,,,
2022-08-20 06:00:00,571.0,76.0,10.27,3.0
2022-08-20 07:00:00,1221.0,104.0,22.15,2.0
2022-08-20 08:00:00,1072.0,94.83333333333333,16.685,2.0
2022-08-20 09:00:00,844.5,117.75,17.365000000000002,2.0
2022-08-20 10:00:00,844.5,102.125,18.845,2.0
2022-08-20 11:00:00,809.5,140.375,17.2199995,2.0
2022-08-20 12:00:00,652.5,100.25,13.219999999999999,2.0
2022-08-20 13:00:00,784.0,111.25,17.26,2.0
2022-08-20 14:00:00,1053.5,134.25,16.1750005,2.0
2022-08-20 15:00:00,1123.5,146.25,15.504999999999999,2.0
2022-08-20 16:00:00,1212.5,195.25,16.009999999999998,2.0
2022-08-20 17:00:00,1293.0,334.375,17.13,2.0
2022-08-20 18:00:00,1407.5,259.5,15.495000000000001,2.0
2022-08-20 19:00:00,1126.75,199.0,16.78,2.0
2022-08-20 20:00:00,1234.0,115.33333333333333,22.395,2.0
2022-08-20 21:00:00,1180.0,76.0,27.7,2.0
2022-08-20 22:00:00,1080.0,76.66666666666667,21.92,2.0
2022-08-20 23:00:00,1489.0,71.5,28.235,2.0
2022-08-21 00:00:00,,,,
2022-08-21 01:00:00,,,,
2022-08-21 02:00:00,822.0,136.0,14.73,3.0
2022-08-21 03:00:00,,,,
2022-08-21 04:00:00,,,,
2022-08-21 05:00:00,,,,
2022-08-21 06:00:00,,,,
2022-08-21 07:00:00,1508.0,108.0,23.56,2.0
2022-08-21 08:00:00,706.0,74.0,19.72,2.0
2022-08-21 09:00:00,1278.5,87.0,23.3125005,2.0
2022-08-21 10:00:00,947.0,118.875,17.7149995,2.0
2022-08-21 11:00:00,606.0,102.0,15.57,2.0
2022-08-21 12:00:00,723.5,88.5,18.6599995,2.0
2022-08-21 13:00:00,735.5,92.125,16.97,2.0
2022-08-21 14:00:00,1640.0,118.0,24.26,2.0
2022-08-21 15:00:00,1273.0,101.0,25.29,2.0
2022-08-21 16:00:00,1070.5,103.5,19.66,2.0
2022-08-21 17:00:00,1137.0,119.5,19.885,2.0
2022-08-21 18:00:00,1785.0,90.5,27.43,2.0
2022-08-21 19:00:00,1949.5,96.5,28.130000000000003,2.0
2022-08-21 20:00:00,2225.5,83.0,30.045,2.0
2022-08-21 21:00:00,1920.5,101.0,27.200000000000003,2.0
2022-08-21 22:00:00,1663.0,97.5,26.5225,2.0
2022-08-21 23:00:00,,,,
2022-08-22 00:00:00,,,,
2022-08-22 01:00:00,,,,
2022-08-22 02:00:00,,,,
2022-08-22 03:00:00,,,,
2022-08-22 04:00:00,,,,
2022-08-22 05:00:00,871.0,155.75,17.44,2.0
2022-08-22 06:00:00,1546.0,256.5,15.43,2.0
2022-08-22 07:00:00,921.5,123.5,16.815,2.0
2022-08-22 08:00:00,906.5,123.25,14.885000000000002,2.0
2022-08-22 09:00:00,1464.5,97.75,24.9025,2.0
2022-08-22 10:00:00,1150.0,93.66666666666667,24.47,2.0
2022-08-22 11:00:00,707.25,92.125,15.7725,2.0
2022-08-22 12:00:00,752.0,87.0,20.17,2.0
2022-08-22 13:00:00,1291.0,77.0,25.880000000000003,2.0
2022-08-22 14:00:00,659.0,113.75,16.4900005,2.0
2022-08-22 15:00:00,723.25,107.75,16.785,2.0
2022-08-22 16:00:00,947.0,113.75,17.185,2.0
2022-08-22 17:00:00,1154.0,120.5,17.225,2.0
2022-08-22 18:00:00,1245.25,131.875,17.7475,2.0
2022-08-22 19:00:00,1180.5,132.0,17.965,2.0
2022-08-22 20:00:00,701.0,77.83333333333333,16.29,2.0
2022-08-22 21:00:00,1633.5,146.66666666666666,23.81,2.0
2022-08-22 22:00:00,731.5,98.25,16.7475,2.0
2022-08-22 23:00:00,,,,
2022-08-23 00:00:00,,,,
2022-08-23 01:00:00,,,,
2022-08-23 02:00:00,,,,
2022-08-23 03:00:00,,,,
2022-08-23 04:00:00,,,,
2022-08-23 05:00:00,845.5,223.0,9.06,3.0
2022-08-23 06:00:00,1799.0,319.25,15.850000000000001,2.0
2022-08-23 07:00:00,1273.0,164.375,16.365,2.0
2022-08-23 08:00:00,976.0,103.0,18.49,2.0
2022-08-23 09:00:00,1531.0,110.33333333333333,22.66,2.0
2022-08-23 10:00:00,925.0,195.875,13.5149995,2.0
2022-08-23 11:00:00,948.75,70.0,22.9725,2.0
2022-08-23 12:00:00,1146.0,120.66666666666667,17.67,2.0
2022-08-23 13:00:00,1109.5,102.375,19.56,2.0
2022-08-23 14:00:00,1309.0,93.0,22.55,2.0
2022-08-23 15:00:00,750.5,103.0,16.345,2.0
2022-08-23 16:00:00,1020.75,109.125,16.16,2.0
2022-08-23 17:00:00,800.0,123.5,15.245000000000001,2.0
2022-08-23 18:00:00,864.0,127.125,16.742500500000002,2.0
2022-08-23 19:00:00,1188.0,152.5,17.49,2.0
2022-08-23 20:00:00,942.0,99.16666666666667,17.1,2.0
2022-08-23 21:00:00,1513.25,66.0,30.120001000000002,2.0
2022-08-23 22:00:00,1901.0,74.25,30.43,2.0
2022-08-23 23:00:00,1667.0,72.0,28.029999,1.0
2022-08-24 00:00:00,1667.0,71.0,28.21,1.0
2022-08-24 01:00:00,,,,
2022-08-24 02:00:00,,,,
2022-08-24 03:00:00,,,,
2022-08-24 04:00:00,,,,
2022-08-24 05:00:00,2172.0,75.0,31.9,1.0
2022-08-24 06:00:00,1108.0,126.125,18.4774995,2.0
2022-08-24 07:00:00,876.5,109.5,16.445,2.0
2022-08-24 08:00:00,1100.0,101.5,23.48,2.0
2022-08-24 09:00:00,723.0,115.25,15.125,2.0
2022-08-24 10:00:00,838.0,76.5,22.09,2.0
2022-08-24 11:00:00,1523.0,90.5,25.605,2.0
2022-08-24 12:00:00,1457.0,136.0,25.15,2.0
2022-08-24 13:00:00,1335.5,104.5,23.325,2.0
2022-08-24 14:00:00,1080.0,115.66666666666667,18.77,2.0
2022-08-24 15:00:00,1198.0,83.66666666666667,20.99,2.0
2022-08-24 16:00:00,902.0,107.5,17.9450005,2.0
2022-08-24 17:00:00,774.5,129.5,15.5825,2.0
2022-08-24 18:00:00,910.0,126.5,15.967500000000001,2.0
2022-08-24 19:00:00,783.5,112.0,15.7325005,2.0
2022-08-24 20:00:00,1146.0,98.33333333333333,23.39,2.0
2022-08-24 21:00:00,1291.0,76.5,25.625,2.0
2022-08-24 22:00:00,1736.0,96.25,26.8650005,2.0
2022-08-24 23:00:00,1029.0,81.125,16.745,2.0
2022-08-25 00:00:00,,,,
2022-08-25 01:00:00,,,,
2022-08-25 02:00:00,319.0,124.0,7.35,3.0
2022-08-25 03:00:00,,,,
2022-08-25 04:00:00,,,,
2022-08-25 05:00:00,1271.5,87.5,20.169999999999998,2.0
2022-08-25 06:00:00,987.5,172.375,15.459999999999999,2.0
2022-08-25 07:00:00,793.5,108.125,17.095,2.0
2022-08-25 08:00:00,1202.0,126.5,18.785,2.0
2022-08-25 09:00:00,1080.0,91.83333333333333,21.630001,2.0
2022-08-25 10:00:00,512.0,107.0,11.719999,3.0
2022-08-25 11:00:00,563.0,74.5,16.7625,2.0
2022-08-25 12:00:00,1312.0,87.33333333333333,26.025002,2.0
2022-08-25 13:00:00,979.0,106.5,18.395,2.0
2022-08-25 14:00:00,752.0,89.0,19.2,2.0
2022-08-25 15:00:00,732.5,127.375,16.165,2.0
2022-08-25 16:00:00,1053.5,151.25,15.3249995,2.0
2022-08-25 17:00:00,1052.0,152.0,17.35,2.0
2022-08-25 18:00:00,1068.0,139.375,18.4625,2.0
2022-08-25 19:00:00,1487.5,177.625,16.98,2.0
2022-08-25 20:00:00,1293.0,177.0,18.439999999999998,2.0
2022-08-25 21:00:00,1146.0,111.5,19.27,2.0
2022-08-25 22:00:00,942.0,87.66666666666667,20.765,2.0
2022-08-25 23:00:00,1323.0,145.5,19.0750005,2.0
2022-08-26 00:00:00,,,,
2022-08-26 01:00:00,,,,
2022-08-26 02:00:00,,,,
2022-08-26 03:00:00,,,,
2022-08-26 04:00:00,,,,
2022-08-26 05:00:00,545.5,207.0,10.09,4.0
2022-08-26 06:00:00,998.0,133.33333333333334,12.46,3.0
2022-08-26 07:00:00,876.5,119.25,15.969999999999999,2.0
2022-08-26 08:00:00,1536.0,118.66666666666667,19.23,2.0
2022-08-26 09:00:00,1519.5,92.83333333333333,24.244999,2.0
2022-08-26 10:00:00,790.0,99.25,16.985,2.0
2022-08-26 11:00:00,1133.0,79.83333333333333,21.775002,2.0
2022-08-26 12:00:00,1150.5,66.75,25.3024995,2.0
2022-08-26 13:00:00,1379.25,74.0,26.2925005,2.0
2022-08-26 14:00:00,897.0,89.33333333333333,21.01,2.0
2022-08-26 15:00:00,1080.0,78.83333333333333,21.835,2.0
2022-08-26 16:00:00,1660.5,158.25,20.615000000000002,2.0
2022-08-26 17:00:00,938.75,136.125,18.255000000000003,2.0
2022-08-26 18:00:00,892.5,147.0,17.15,2.0
2022-08-26 19:00:00,1383.0,256.125,17.86,2.0
2022-08-26 20:00:00,1088.5,153.5,19.72,2.0
2022-08-26 21:00:00,916.0,66.0,22.96,2.0
2022-08-26 22:00:00,1080.0,96.0,21.51,2.0
2022-08-26 23:00:00,1818.5,79.0,29.8325,2.0
2022-08-27 00:00:00,,,,
2022-08-27 01:00:00,,,,
2022-08-27 02:00:00,319.0,144.0,6.52,4.0
2022-08-27 03:00:00,,,,
2022-08-27 04:00:00,,,,
2022-08-27 05:00:00,1128.5,83.5,20.450000000000003,2.0
2022-08-27 06:00:00,752.0,85.33333333333333,19.53,2.0
2022-08-27 07:00:00,609.0,77.83333333333333,17.970001,2.0
2022-08-27 08:00:00,739.0,100.0,16.1699995,2.0
2022-08-27 09:00:00,1243.0,83.0,23.62,2.0
2022-08-27 10:00:00,806.0,139.125,17.765,2.0
2022-08-27 11:00:00,840.75,113.375,17.8925,2.0
2022-08-27 12:00:00,767.0,126.25,15.217500000000001,2.0
2022-08-27 13:00:00,1002.5,159.625,15.557499,2.0
2022-08-27 14:00:00,1027.0,171.75,15.8125,2.0
2022-08-27 15:00:00,643.75,133.0,15.5675,2.0
2022-08-27 16:00:00,876.5,175.625,15.265,2.0
2022-08-27 17:00:00,1196.0,189.375,15.415,2.0
2022-08-27 18:00:00,962.0,119.25,16.3425005,2.0
2022-08-27 19:00:00,1237.0,124.125,16.455,2.0
2022-08-27 20:00:00,1488.5,173.75,18.925,2.0
2022-08-27 21:00:00,1005.0,100.5,17.895,2.0
2022-08-27 22:00:00,1573.0,98.66666666666667,23.73,2.0
2022-08-27 23:00:00,1387.5,105.66666666666667,21.94,2.0
2022-08-28 00:00:00,,,,
2022-08-28 01:00:00,,,,
2022-08-28 02:00:00,,,,
2022-08-28 03:00:00,,,,
2022-08-28 04:00:00,,,,
2022-08-28 05:00:00,,,,
2022-08-28 06:00:00,,,,
2022-08-28 07:00:00,1996.0,60.0,32.89,2.0
2022-08-28 08:00:00,1506.0,148.83333333333334,28.155,2.0
2022-08-28 09:00:00,853.0,102.83333333333333,19.310001,2.0
2022-08-28 10:00:00,908.0,84.5,22.59,2.0
2022-08-28 11:00:00,718.0,106.25,16.6875,2.0
2022-08-28 12:00:00,748.0,91.0,16.905,2.0
2022-08-28 13:00:00,760.0,141.0,16.2425,2.0
2022-08-28 14:00:00,1016.0,155.75,17.1675,2.0
2022-08-28 15:00:00,977.0,117.0,18.865000000000002,2.0
2022-08-28 16:00:00,1229.5,173.0,17.204999,2.0
2022-08-28 17:00:00,1563.5,164.25,17.605,2.0
2022-08-28 18:00:00,2229.5,357.0,16.384999999999998,2.0
2022-08-28 19:00:00,1545.0,273.75,16.91,2.0
2022-08-28 20:00:00,1505.0,213.875,17.275,2.0
2022-08-28 21:00:00,1322.5,253.25,16.0575005,2.0
2022-08-28 22:00:00,1346.0,287.5,15.837499999999999,2.0
2022-08-28 23:00:00,605.0,82.5,16.4875,2.0
2022-08-29 00:00:00,,,,
2022-08-29 01:00:00,,,,
2022-08-29 02:00:00,,,,
2022-08-29 03:00:00,2060.0,68.5,31.41,1.0
2022-08-29 04:00:00,1629.5,90.0,27.752499999999998,2.0
2022-08-29 05:00:00,1177.5,170.375,16.01,2.0
2022-08-29 06:00:00,1080.0,244.16666666666666,11.66,3.0
2022-08-29 07:00:00,1169.5,151.125,17.0225,2.0
2022-08-29 08:00:00,1404.0,95.33333333333333,22.84,2.0
2022-08-29 09:00:00,708.0,155.0,15.747500500000001,2.0
2022-08-29 10:00:00,838.0,99.33333333333333,20.33,2.0
2022-08-29 11:00:00,1117.25,111.875,19.9,2.0
2022-08-29 12:00:00,1652.5,71.5,28.7275,2.0
2022-08-29 13:00:00,1073.5,75.0,24.145,2.0
2022-08-29 14:00:00,1660.5,153.125,21.435000000000002,2.0
2022-08-29 15:00:00,788.5,97.625,17.63,2.0
2022-08-29 16:00:00,933.0,120.625,15.73,2.0
2022-08-29 17:00:00,843.5,150.0,13.920000000000002,2.0
2022-08-29 18:00:00,977.0,121.375,15.309999999999999,2.0
2022-08-29 19:00:00,1122.5,118.66666666666667,19.96,2.0
2022-08-29 20:00:00,1462.0,138.5,18.07,2.0
2022-08-29 21:00:00,991.25,85.25,15.0450005,2.0
2022-08-29 22:00:00,605.5,73.0,14.815000000000001,2.0
2022-08-29 23:00:00,,,,
2022-08-30 00:00:00,1041.0,80.0,23.67,2.0
2022-08-30 01:00:00,,,,
2022-08-30 02:00:00,,,,
2022-08-30 03:00:00,,,,
2022-08-30 04:00:00,,,,
2022-08-30 05:00:00,609.0,114.33333333333333,14.05,3.0
2022-08-30 06:00:00,757.5,186.375,15.225000000000001,2.0
2022-08-30 07:00:00,898.25,301.375,15.905,2.0
2022-08-30 08:00:00,717.5,158.875,16.0975,2.0
2022-08-30 09:00:00,1054.0,106.5,17.169999999999998,2.0
2022-08-30 10:00:00,908.0,81.33333333333333,21.81,2.0
2022-08-30 11:00:00,1405.5,90.0,24.990000000000002,2.0
2022-08-30 12:00:00,1504.0,87.66666666666667,25.09,2.0
2022-08-30 13:00:00,942.0,81.83333333333333,23.2,2.0
2022-08-30 14:00:00,972.5,103.625,18.68,2.0
2022-08-30 15:00:00,879.0,112.125,16.107499,2.0
2022-08-30 16:00:00,1309.0,102.0,18.560001,2.0
2022-08-30 17:00:00,1251.0,150.25,15.6075,2.0
2022-08-30 18:00:00,1081.25,166.375,17.6175,2.0
2022-08-30 19:00:00,1185.0,149.375,19.055,2.0
2022-08-30 20:00:00,926.0,97.33333333333333,19.74,2.0
2022-08-30 21:00:00,1042.0,81.5,23.1,2.0
2022-08-30 22:00:00,,,,
2022-08-30 23:00:00,706.0,175.0,11.4,3.0
2022-08-31 00:00:00,,,,
2022-08-31 01:00:00,,,,
2022-08-31 02:00:00,,,,
2022-08-31 03:00:00,,,,
2022-08-31 04:00:00,,,,
2022-08-31 05:00:00,413.0,105.75,8.3675,4.0
2022-08-31 06:00:00,933.5,130.375,16.265,2.0
2022-08-31 07:00:00,787.0,125.0,15.9175,2.0
2022-08-31 08:00:00,775.25,100.5,16.335,2.0
2022-08-31 09:00:00,1254.0,81.33333333333333,22.83,2.0
2022-08-31 10:00:00,726.0,105.25,15.73,2.0
2022-08-31 11:00:00,840.0,81.5,18.315,2.0
2022-08-31 12:00:00,752.0,75.33333333333333,21.39,2.0
2022-08-31 13:00:00,1502.0,100.83333333333333,24.005001,2.0
2022-08-31 14:00:00,1601.5,86.5,26.22,2.0
2022-08-31 15:00:00,975.0,100.25,18.0575,2.0
2022-08-31 16:00:00,921.5,103.5,17.45,2.0
2022-08-31 17:00:00,968.0,146.0,17.1749995,2.0
2022-08-31 18:00:00,961.0,139.0,15.132500499999999,2.0
2022-08-31 19:00:00,798.5,105.75,15.725,2.0
2022-08-31 20:00:00,727.75,96.0,14.530000000000001,2.0
2022-08-31 21:00:00,1104.5,140.5,18.105,2.0
2022-08-31 22:00:00,942.0,93.5,17.795,2.0
2022-08-31 23:00:00,397.0,156.0,7.415,4.0
2022-09-01 00:00:00,,,,
2022-09-01 01:00:00,,,,
2022-09-01 02:00:00,1882.25,94.0,27.092499,2.0
2022-09-01 03:00:00,,,,
2022-09-01 04:00:00,,,,
2022-09-01 05:00:00,1374.5,103.5,23.317500000000003,2.0
2022-09-01 06:00:00,907.5,124.375,18.0475,2.0
2022-09-01 07:00:00,1080.0,109.0,19.475,2.0
2022-09-01 08:00:00,665.0,94.66666666666667,18.59,2.0
2022-09-01 09:00:00,1028.0,78.0,22.29,2.0
2022-09-01 10:00:00,1301.5,80.75,25.305,2.0
2022-09-01 11:00:00,1309.0,101.66666666666667,22.93,2.0
2022-09-01 12:00:00,1504.0,103.5,21.68,2.0
2022-09-01 13:00:00,1189.5,105.125,20.915,2.0
2022-09-01 14:00:00,1499.0,78.0,25.0,2.0
2022-09-01 15:00:00,893.0,95.75,17.36,2.0
2022-09-01 16:00:00,928.0,120.625,20.227501,2.0
2022-09-01 17:00:00,897.0,148.625,15.304999500000001,2.0
2022-09-01 18:00:00,891.25,105.625,18.1725,2.0
2022-09-01 19:00:00,1312.0,102.33333333333333,21.56,2.0
2022-09-01 20:00:00,1309.0,84.33333333333333,24.880001,2.0
2022-09-01 21:00:00,752.0,86.16666666666667,18.19,2.0
2022-09-01 22:00:00,441.0,81.33333333333333,8.97,3.0
2022-09-01 23:00:00,904.5,70.75,22.677500000000002,2.0
2022-09-02 00:00:00,,,,
2022-09-02 01:00:00,,,,
2022-09-02 02:00:00,,,,
2022-09-02 03:00:00,,,,
2022-09-02 04:00:00,,,,
2022-09-02 05:00:00,1072.0,89.0,21.66,2.0
2022-09-02 06:00:00,1091.5,157.75,15.515,2.0
2022-09-02 07:00:00,1092.5,144.375,16.25,2.0
2022-09-02 08:00:00,962.0,90.33333333333333,21.18,2.0
2022-09-02 09:00:00,752.0,91.33333333333333,21.185001,2.0
2022-09-02 10:00:00,1416.75,101.25,22.9575,2.0
2022-09-02 11:00:00,752.0,85.5,19.915,2.0
2022-09-02 12:00:00,1514.5,98.0,24.8125005,2.0
2022-09-02 13:00:00,1032.0,95.375,18.435000000000002,2.0
2022-09-02 14:00:00,1029.5,144.875,16.629998999999998,2.0
2022-09-02 15:00:00,1098.0,121.125,17.825,2.0
2022-09-02 16:00:00,1163.0,142.5,17.27,2.0
2022-09-02 17:00:00,1476.5,173.125,17.1075,2.0
2022-09-02 18:00:00,1058.0,209.625,16.4674995,2.0
2022-09-02 19:00:00,1140.5,119.0,17.39,2.0
2022-09-02 20:00:00,1002.5,133.625,17.015,2.0
2022-09-02 21:00:00,814.0,119.0,17.43,2.0
2022-09-02 22:00:00,1261.0,80.5,24.3125,2.0
2022-09-02 23:00:00,1731.5,74.0,30.19,2.0
2022-09-03 00:00:00,3065.0,127.0,28.81,1.0
2022-09-03 01:00:00,,,,
2022-09-03 02:00:00,,,,
2022-09-03 03:00:00,,,,
2022-09-03 04:00:00,,,,
2022-09-03 05:00:00,,,,
2022-09-03 06:00:00,1010.0,60.0,25.22,1.0
2022-09-03 07:00:00,1146.0,83.66666666666667,22.43,2.0
2022-09-03 08:00:00,1080.0,165.16666666666666,23.28,2.0
2022-09-03 09:00:00,855.5,82.83333333333333,19.47,2.0
2022-09-03 10:00:00,1000.0,135.75,16.98,2.0
2022-09-03 11:00:00,651.5,119.875,15.45,2.0
2022-09-03 12:00:00,494.0,115.0,11.28,3.0
2022-09-03 13:00:00,704.5,134.0,17.25,2.0
2022-09-03 14:00:00,1005.5,190.0,16.165,2.0
2022-09-03 15:00:00,879.5,163.5,16.0225,2.0
2022-09-03 16:00:00,901.0,190.66666666666666,12.01,3.0
2022-09-03 17:00:00,825.5,152.25,14.695,2.0
2022-09-03 18:00:00,1364.0,159.75,17.77,2.0
2022-09-03 19:00:00,1014.75,167.5,17.1,2.0
2022-09-03 20:00:00,1008.25,120.5,18.5174995,2.0
2022-09-03 21:00:00,982.5,86.0,18.42,2.0
2022-09-03 22:00:00,909.0,136.25,16.61,2.0
2022-09-03 23:00:00,706.0,85.33333333333333,20.865,2.0
2022-09-04 00:00:00,751.0,79.0,19.69,2.0
2022-09-04 01:00:00,,,,
2022-09-04 02:00:00,,,,
2022-09-04 03:00:00,,,,
2022-09-04 04:00:00,,,,
2022-09-04 05:00:00,,,,
2022-09-04 06:00:00,657.0,98.25,13.892499999999998,3.0
2022-09-04 07:00:00,2039.0,156.0,21.775002,2.0
2022-09-04 08:00:00,1406.75,80.25,25.8199995,2.0
2022-09-04 09:00:00,1125.0,124.33333333333333,26.02,2.0
2022-09-04 10:00:00,972.0,77.66666666666667,23.4,2.0
2022-09-04 11:00:00,769.5,101.0,14.8649995,2.0
2022-09-04 12:00:00,838.0,103.375,15.29,2.0
2022-09-04 13:00:00,693.25,106.5,17.0775005,2.0
2022-09-04 14:00:00,732.5,102.625,16.9375,2.0
2022-09-04 15:00:00,779.25,120.0,17.5875,2.0
2022-09-04 16:00:00,1174.5,246.625,16.9,2.0
2022-09-04 17:00:00,964.0,166.75,18.025,2.0
2022-09-04 18:00:00,1252.5,139.75,19.185,2.0
2022-09-04 19:00:00,1289.5,135.75,18.155,2.0
2022-09-04 20:00:00,1807.5,184.5,20.61,2.0
2022-09-04 21:00:00,1134.75,147.5,19.075,2.0
2022-09-04 22:00:00,752.0,206.33333333333334,10.13,3.0
